{
    "uuid": "cssgnomme@dr.drummie",
    "name": "CSS Gnommé - Dynamic Theme Overlay (ZorinOS 17.3 | 18+)",
    "description": "Advanced panel/popup transparency, blur effects, and wallpaper color extraction for GNOME Shell 45-47. Non-destructive theme overlays with live updates.",
    "version": 2.503,
    "version-name": "2.5.3",
    "shell-version": ["45", "46", "47"],
    "url": "https://github.com/drdrummie/CSSGnomme-ZorinOS18",
    "settings-schema": "org.gnome.shell.extensions.cssgnomme",
    "gettext-domain": "cssgnomme@dr.drummie"
}
